序号,单词
1,onset
2,rudimentary
3,pertinent
4,bustling
5,aggregate
6,anarchy
7,precipitate
8,multitudinous
9,timid
10,retard
11,remnant
12,involved
13,pronounce
14,diverse
15,comprise
16,consume
17,contract
18,phenomenon
19,potential
20,impact
21,promote
22,constant
23,be attributed to
24,retreat
25,ratio
26,traditional
27,restricted
28,readily
29,virtually
30,exhaust
31,appreciate
32,accidental
33,modify
34,drastically
35,prohibit
36,ultimately
37,keep pace with
38,capacity
39,inevitable
40,surpass
41,curious
42,accumulate
43,simultaneously
44,abruptly
45,attest to
46,deficient
47,preservative
48,reflect
49,tie
50,modest
51,severe
52,exploit
53,likewise
54,invariably
55,unearthed
56,brainchild
57,compression
58,consequence
59,abundant
60,plausible
61,spectacular
62,diligent
63,substantial
64,dense
65,reliance
66,accompany
67,recollection
68,converge
69,severity
70,elaborately
71,abandoned
72,wipe out
73,intermittently
74,default
75,optimize
76,evident
77,assess
78,moral
79,considerable
80,incentive
81,pioneering
82,distinct
83,derive
84,accordingly
85,enormous
86,key
87,virtue
88,document
89,now and then
90,outmost
91,concentrate
92,prompt
93,catastrophic
94,prone
95,antagonize
96,arduous
97,pale
98,in the same breath
99,interlock
100,preposterous
101,perplex
102,impose on
103,artificial
104,prediction
105,collaborate
106,assist
107,depict
108,criterion
109,regard
110,overshadow
111,neglect
112,dweller
113,fracture
114,immobile
115,endow
116,size up
117,deviate
118,persistent
119,duration
120,sustain
121,uniform
122,quantifiable
123,adept
124,attribute
125,credible
126,paradoxically
127,prolong
128,prestige
129,profound
130,singular
131,feat
132,bulk
133,course
134,account for
135,intense
136,match
137,transform
138,deceiving
139,static
140,consensus
141,ethic
142,intrinsically
143,interplay
144,postulate
145,meager
146,refine
147,norm
148,signal
149,inflating
150,impediment
151,devastate
152,inadvertently
153,highlight
154,exceptional
155,abolish
156,progressive
157,flaw
158,periodically
159,acquire
160,illuminate
161,initiate
162,suppress
163,friction
164,entitle
165,circumstance
166,trend
167,legitimate
168,accumulation
169,enjoy
170,reveal
171,fringe
172,proliferation
173,supersede
174,divert
175,agency
176,terrestrial
177,enhance
178,precise
179,prospect
180,practical
181,option
182,imagination
183,contention
184,reasonable
185,exceedingly
186,phytoplankton
187,duplicate
188,authenticity
189,reluctant
190,unanticipated
191,pop up
192,allusion
193,enigmatic
194,pristine
195,configuration
196,apart from
197,consumption
198,legendary
199,astonishing
200,infrequent
201,relatively
202,discern
203,gain
204,conversely
205,further
206,exclusive
207,resume
208,transition
209,distinctive
210,roughly
211,compulsory
212,outdated
213,conventional
214,presumably
215,be subjected to
216,desolate
217,pose
218,apparent
219,consequent
220,counter
221,assure
222,sovereign
223,engrave
224,widespread
225,intact
226,interpret
227,legible
228,instructive
229,eroded
230,current
231,rebound
232,extraterrestrial
233,conjunction
234,extract
235,term
236,coating
237,celestial
238,crude
239,humble
240,particular
241,indigenous
242,graphically
243,regulate
244,harness
245,application
246,pessimistic
247,innumerable
248,compelling
249,authoritative
250,install
251,pioneer
252,sequence
253,focus
254,comprehensive
255,emulate
256,notably
257,subsequent
258,viable
259,disperse
260,rival
261,insight
262,culminate
263,erect
264,surplus
265,sponsor
266,adjacent
267,gifted
268,splendid
269,skeptical
270,vulnerable
271,embellish
272,overall
273,attain
274,enlist
275,faithful
276,ancestor
277,notion
278,prime
279,strategy
280,inherent
281,recall
282,excessive
283,relentless
284,mobilize
285,lethal
286,appeal
287,temporary
288,conceivable
289,debate
290,distinguish
291,edge
292,eminent
293,estimate
294,fulfill
295,gradual
296,maintain
297,merely
298,notwithstanding
299,resolve
300,routine
301,compromise
302,ambiguous
303,convey
304,guard
305,adjustable
306,incorporate
307,delegate
308,chaotic
309,coalesce
310,ostentatious
311,retain
312,emanate
313,outgrowth
314,outbreak
315,emit
316,riddle
317,eclipse
318,nuance
319,daunting
320,bemuse
321,resent
322,trifling
323,sequel
324,disputant
325,associate
326,dictator
327,clergy
328,prophet
329,culprit
330,curator
331,orator
332,playwright
333,apologist
334,layperson
335,benefactor
336,feminism
337,stunning
338,showcase
339,retract
340,etch
341,exultant
342,spell
343,industry
344,pursuit
345,emerge
346,inform
347,appropriate
348,circumstantial
349,project
350,object
351,intimate
352,usher
353,obscure
354,yield
355,asset
356,perennial
357,discharge
358,patent
359,reliable
360,economy
361,tender
362,anticipate
363,hail
364,anonymous
365,dissipate
366,embrace
367,descendant
368,abstraction
369,enterprise
370,recipe
371,radical
372,mighty
373,locale
374,morale
375,leading
376,lengthy
377,calculable
378,weighty
379,instrumental
380,acquired
381,expendable
382,faculty
383,digest
384,kindle
385,contain
386,still
387,contest
388,grave
389,affect
390,bookish
391,effortless
392,discerning
393,astronomical
394,peerless
395,proofread
396,heartfelt
397,incomparable
398,agreeable
399,composed
400,prohibitive
401,phenomenal
402,incisive
403,needy
404,incredible
405,out of sight
406,overlie
407,plugged
408,penchant
409,dramatic
410,prevalent
411,threaten
412,delicate
413,devoid of
414,end up
415,exposed
416,propulsion
417,elongate
418,expanded
419,feasible
420,devise
421,integral
422,ensuing
423,unprecedented
424,guarantee
425,inhibit
426,indefinite
427,marked
428,principal
429,sloping
430,foul
431,facility
432,suspended
433,afford
434,overwhelming
435,implement
436,undisputed
437,significant
438,diversification
439,vastly
440,grow accustomed to
441,endure
442,critical
443,perspective
444,objective
445,scores
446,obsession with
447,foster
448,sphere
449,diffused
450,ritual
451,flee
452,massive
453,pinpoint
454,ingenuity
455,predominant
456,cope
457,fluctuation
458,bombard
459,disruption
460,merge
461,relic
462,miniature
463,magma
464,prior to
465,inhospitable
466,impetus
467,justify
468,flourish
469,alley
470,at random
471,dormant
472,status
473,evolve
474,whereas
475,striking
476,deliberation
477,invoke
478,remedy
479,innovation
480,vital
481,context
482,core
483,coarse
484,render
485,clumsy
486,boycott
487,thrive
488,adherent
489,plunder
490,synchronous
491,dismiss
492,plead
493,orthodox
494,augment
495,proximity
496,applaud
497,fluid
498,accommodate
499,mandate
500,conviction
501,cautious
502,cater
503,avert
504,opt
505,woo
506,avid
507,aver
508,avow
509,scant
510,idle
511,apt
512,expel
513,loose
514,decay
515,dwarf
516,leak
517,skim
518,handicap
519,halt
520,component
521,prudent
522,surge
523,mainstay
524,predecessor
525,edible
526,wanting
527,hasty
528,explicit
529,integration
530,suspicion
531,impulse
532,be characterized by
533,adverse
534,worthwhile
535,found
536,fragment
537,appreciable
538,validity
539,prosper
540,prejudice
541,subtle
542,assault
543,make possible
544,mechanism
545,undergo
546,decorum
547,signature
548,crisis
549,decline
550,peak
551,propose
552,trapped
553,encounter
554,jointly
555,portable
556,detrimental
557,tolerant
558,domain
559,continuous
560,drawback
561,respectively
562,no wonder
563,flexible
564,oversee
565,decisive
566,alliance
567,redundancy
568,detect
569,mundane
570,lavish
571,sacred
572,ingenious
573,prerequisite
574,complex
575,inflate
576,signify
577,determinant
578,carry on
579,correlation
580,perishable
581,outlying
582,unpromising
583,intricate
584,ardent
585,manipulate
586,maintenance
587,ongoing
588,rule out
589,correspond to
590,trigger
591,impede
592,exert
593,advantageous
594,pore
595,substantiate
596,excavate
597,so much for
598,monumental
599,interval
600,fuel
601,hence
602,justifiable
603,cluster
604,elevate
605,stimulate
606,simultaneous
607,elicit
608,enduring
609,secure
610,counteract
611,alleged
612,oblige
613,suffice
614,subdue
615,congestion
616,straightforward
617,magnify
618,clue
619,episode
620,in essence
621,renowned
622,magnitude
623,inspect
624,pointless
625,barren
626,embody
627,unfavorable
628,pursue
629,comparable
630,hasten
631,rigorous
632,motive
633,isolated
634,mutual
635,allied
636,compilation
637,dispersed
638,remote
639,adduce
640,barring
641,solely
642,regardless of
643,congregate
644,compound
645,accessible
646,classic
647,vigorous
648,ringed
649,adjoining
650,terminate
651,contemporary
652,fine-tune
653,constrain
654,thoroughly
655,reinforce
656,essential
657,mature
658,function
659,prevail
660,substantially
661,heighten
662,accomplish
663,intermediate
664,suspect
665,swift
666,pervasive
667,implication
668,consistent
669,tolerate
670,immensely
671,ferocity
672,be at odds with
673,cramped
674,outweigh
675,drastic
676,sufficient
677,case in point
678,adopt
679,momentous
680,ample
681,divergent
682,integrity
683,exotic
684,enormous
685,shoot
686,advent
687,precede
688,discount
689,heterogeneous
690,frigid
691,entity
692,posterity
693,discrepancy
694,scurry
695,conspicuous
696,shatter
697,counterpart
698,devour
699,alternate
700,criteria
701,recompense
702,excrete
703,scattered
704,quantify
705,thrill
706,mimic
707,a glimpse of
708,immense
709,attest to
710,amass
711,stationary
712,motif
713,unaltered
714,premise
715,supplement
716,disguise
717,facilitate
718,domestic
719,indicator
720,tangle
721,endeavor
722,refine
723,controversial
724,legible
725,apply to
726,irreversible
727,exceed
728,insulate
729,decipher
730,ambitious
731,era
732,proportion
733,exhausted
734,monotonous
735,compile
736,lateral
737,envelop
738,occasionally
739,induce
740,adhere
741,deflect
742,optimal
743,acute
744,convert
745,authority
746,dictate
747,provided
748,baffle
749,segment
750,in retrospect
751,sum
752,embed
753,equivalent
754,troublesome
755,moreover
756,quest
757,spawn
758,annihilate
759,compatible
760,indiscriminate
761,tremendous
762,characteristic
763,commonplace
764,fracture
765,scrutiny
766,henceforth
767,rot
768,rotate
769,obsolete
770,proponent
771,rapport
772,manifestation
773,trappings
774,gigantic
775,doctrine
776,intercourse
777,tactic
778,mortality
779,plague
780,evade
781,modern
782,classical
783,sentimental
784,fertilizer
785,plankton
786,needless to say
787,verify
788,valid
789,besides
790,revise
791,instance
792,adorn
793,compact
794,aptitude
795,momentum
796,permeate
797,ingest
798,detach
799,retrieve
800,formulate